Filename,Label
18_DSC0003.JPG,18
24_DSC0003.JPG,24
37_DSC0004.JPG,37
37_DSC0005.JPG,37
18_DSC0006.JPG,18
16_DSC0007.JPG,16
0_DSC0009.JPG,0
20_DSC0009.JPG,20
46_DSC0011.JPG,46
3_DSC0012.JPG,3
49_DSC0012.JPG,49
11_DSC0013.JPG,11
57_DSC0013.JPG,57
0_DSC0014.JPG,0
23_DSC0014.JPG,23
53_DSC0014.JPG,53
46_DSC0015.JPG,46
58_DSC0015.JPG,58
18_DSC0016.JPG,18
0_DSC0017.JPG,0
52_DSC0017.JPG,52
6_DSC0017.JPG,6
0_DSC0018.JPG,0
29_DSC0019.JPG,29
71_DSC0020.JPG,71
84_DSC0020.JPG,84
32_DSC0021.JPG,32
98_DSC0022.JPG,98
56_DSC0025.JPG,56
57_DSC0026.JPG,57
71_DSC0027.JPG,71
87_DSC0027.JPG,87
17_DSC0028.JPG,17
19_DSC0029.JPG,19
34_DSC0029.JPG,34
0_DSC0030.JPG,0
14_DSC0030.JPG,14
30_DSC0031.JPG,30
8_DSC0031.JPG,8
93_DSC0031.JPG,93
1_DSC0032.JPG,1
7_DSC0032.JPG,7
24_DSC0033.JPG,24
9_DSC0033.JPG,9
22_DSC0034.JPG,22
13_DSC0035.JPG,13
14_DSC0035.JPG,14
4_DSC0035.JPG,4
34_DSC0036.JPG,34
53_DSC0038.JPG,53
78_DSC0039.JPG,78
7_DSC0039.JPG,7
26_DSC0040.JPG,26
29_DSC0040.JPG,29
11_DSC0041.JPG,11
21_DSC0041.JPG,21
16_DSC0042.JPG,16
28_DSC0042.JPG,28
26_DSC0043.JPG,26
4_DSC0043.JPG,4
11_DSC0044.JPG,11
25_DSC0044.JPG,25
49_DSC0044.JPG,49
27_DSC0045.JPG,27
27_DSC0046.JPG,27
47_DSC0046.JPG,47
64_DSC0046.JPG,64
7_DSC0046.JPG,7
40_DSC0048.JPG,40
10_DSC0049.JPG,10
89_DSC0049.JPG,89
57_DSC0050.JPG,57
15_DSC0052.JPG,15
75_DSC0052.JPG,75
24_DSC0053.JPG,24
27_DSC0053.JPG,27
32_DSC0054.JPG,32
34_DSC0054.JPG,34
33_DSC0055.JPG,33
14_DSC0056.JPG,14
26_DSC0056.JPG,26
32_DSC0056.JPG,32
2_DSC0057.JPG,2
38_DSC0057.JPG,38
55_DSC0058.JPG,55
57_DSC0058.JPG,57
6_DSC0058.JPG,6
12_DSC0059.JPG,12
24_DSC0059.JPG,24
66_DSC0059.JPG,66
45_DSC0060.JPG,45
25_DSC0061.JPG,25
42_DSC0061.JPG,42
10_DSC0062.JPG,10
12_DSC0062.JPG,12
38_DSC0062.JPG,38
5_DSC0062.JPG,5
19_DSC0063.JPG,19
50_DSC0063.JPG,50
43_DSC0064.JPG,43
8_DSC0064.JPG,8
23_DSC0065.JPG,23
5_DSC0065.JPG,5
11_DSC0066.JPG,11
15_DSC0066.JPG,15
13_DSC0067.JPG,13
9_DSC0067.JPG,9
0_DSC0068.JPG,0
45_DSC0068.JPG,45
12_DSC0069.JPG,12
35_DSC0069.JPG,35
10_DSC0070.JPG,10
3_DSC0071.JPG,3
28_DSC0072.JPG,28
52_DSC0072.JPG,52
25_DSC0073.JPG,25
64_DSC0073.JPG,64
7_DSC0073.JPG,7
53_DSC0074.JPG,53
14_DSC0076.JPG,14
8_DSC0076.JPG,8
9_DSC0077.JPG,9
0_DSC0078.JPG,0
47_DSC0081.JPG,47
19_DSC0082.JPG,19
2_DSC0082.JPG,2
6_DSC0082.JPG,6
12_DSC0083.JPG,12
73_DSC0083.JPG,73
28_DSC0085.JPG,28
39_DSC0085.JPG,39
9_DSC0085.JPG,9
7_DSC0087.JPG,7
2_DSC0088.JPG,2
93_DSC0088.JPG,93
6_DSC0090.JPG,6
30_DSC0091.JPG,30
11_DSC0092.JPG,11
3_DSC0092.JPG,3
50_DSC0092.JPG,50
44_DSC0093.JPG,44
27_DSC0094.JPG,27
9_DSC0094.JPG,9
34_DSC0095.JPG,34
15_DSC0099.JPG,15
51_DSC0099.JPG,51
16_DSC0103.JPG,16
4_DSC0103.JPG,4
10_DSC0104.JPG,10
1_DSC0104.JPG,1
19_DSC0105.JPG,19
51_DSC0105.JPG,51
19_DSC0106.JPG,19
8_DSC0107.JPG,8
10_DSC0109.JPG,10
41_DSC0109.JPG,41
18_DSC0110.JPG,18
0_DSC0111.JPG,0
42_DSC0111.JPG,42
49_DSC0113.JPG,49
4_DSC0113.JPG,4
1_DSC0114.JPG,1
32_DSC0114.JPG,32
30_DSC0116.JPG,30
16_DSC0117.JPG,16
41_DSC0117.JPG,41
57_DSC0117.JPG,57
29_DSC0118.JPG,29
38_DSC0119.JPG,38
6_DSC0119.JPG,6
30_DSC0120.JPG,30
92_DSC0120.JPG,92
12_DSC0121.JPG,12
19_DSC0122.JPG,19
4_DSC0122.JPG,4
10_DSC0123.JPG,10
9_DSC0123.JPG,9
29_DSC0125.JPG,29
3_DSC0126.JPG,3
51_DSC0127.JPG,51
79_DSC0127.JPG,79
13_DSC0129.JPG,13
4_DSC0130.JPG,4
10_DSC0131.JPG,10
16_DSC0131.JPG,16
20_DSC0131.JPG,20
9_DSC0131.JPG,9
2_DSC0132.JPG,2
59_DSC0132.JPG,59
27_DSC0133.JPG,27
1_DSC0134.JPG,1
35_DSC0134.JPG,35
7_DSC0134.JPG,7
1_DSC0135.JPG,1
53_DSC0137.JPG,53
1_DSC0138.JPG,1
3_DSC0138.JPG,3
16_DSC0139.JPG,16
9_DSC0139.JPG,9
80_DSC0140.JPG,80
5_DSC0141.JPG,5
12_DSC0146.JPG,12
3_DSC0147.JPG,3
48_DSC0148.JPG,48
15_DSC0149.JPG,15
48_DSC0151.JPG,48
44_DSC0152.JPG,44
11_DSC0153.JPG,11
2_DSC0156.JPG,2
3_DSC0156.JPG,3
25_DSC0157.JPG,25
68_DSC0158.JPG,68
16_DSC0159.JPG,16
0_DSC0162.JPG,0
27_DSC0162.JPG,27
0_DSC0163.JPG,0
41_DSC0164.JPG,41
11_DSC0165.JPG,11
39_DSC0167.JPG,39
27_DSC0171.JPG,27
12_DSC0172.JPG,12
1_DSC0173.JPG,1
40_DSC0173.JPG,40
6_DSC0173.JPG,6
95_DSC0173.JPG,95
51_DSC0174.JPG,51
8_DSC0174.JPG,8
5_DSC0175.JPG,5
13_DSC0177.JPG,13
28_DSC0177.JPG,28
39_DSC0179.JPG,39
53_DSC0179.JPG,53
6_DSC0179.JPG,6
2_DSC0180.JPG,2
9_DSC0182.JPG,9
1_DSC0183.JPG,1
29_DSC0183.JPG,29
91_DSC0184.JPG,91
23_DSC0185.JPG,23
85_DSC0185.JPG,85
39_DSC0186.JPG,39
48_DSC0186.JPG,48
8_DSC0186.JPG,8
7_DSC0187.JPG,7
27_DSC0189.JPG,27
56_DSC0191.JPG,56
24_DSC0192.JPG,24
2_DSC0193.JPG,2
17_DSC0194.JPG,17
3_DSC0195.JPG,3
9_DSC0197.JPG,9
13_DSC0199.JPG,13
2_DSC0199.JPG,2
0_DSC0200.JPG,0
30_DSC0200.JPG,30
0_DSC0201.JPG,0
10_DSC0201.JPG,10
2_DSC0201.JPG,2
0_DSC0202.JPG,0
10_DSC0202.JPG,10
2_DSC0202.JPG,2
34_DSC0202.JPG,34
53_DSC0203.JPG,53
3_DSC0204.JPG,3
17_DSC0205.JPG,17
30_DSC0205.JPG,30
11_DSC0206.JPG,11
93_DSC0206.JPG,93
22_DSC0207.JPG,22
43_DSC0208.JPG,43
65_DSC0208.JPG,65
12_DSC0209.JPG,12
13_DSC0209.JPG,13
20_DSC0210.JPG,20
26_DSC0210.JPG,26
26_DSC0211.JPG,26
84_DSC0212.JPG,84
25_DSC0213.JPG,25
12_DSC0214.JPG,12
24_DSC0215.JPG,24
95_DSC0215.JPG,95
24_DSC0217.JPG,24
62_DSC0217.JPG,62
16_DSC0218.JPG,16
20_DSC0219.JPG,20
23_DSC0220.JPG,23
40_DSC0220.JPG,40
56_DSC0221.JPG,56
76_DSC0222.JPG,76
4_DSC0223.JPG,4
73_DSC0223.JPG,73
9_DSC0224.JPG,9
5_DSC0225.JPG,5
68_DSC0225.JPG,68
11_DSC0226.JPG,11
13_DSC0227.JPG,13
15_DSC0228.JPG,15
3_DSC0229.JPG,3
19_DSC0230.JPG,19
16_DSC0231.JPG,16
29_DSC0231.JPG,29
37_DSC0231.JPG,37
5_DSC0231.JPG,5
19_DSC0233.JPG,19
20_DSC0233.JPG,20
21_DSC0233.JPG,21
16_DSC0234.JPG,16
19_DSC0234.JPG,19
24_DSC0234.JPG,24
27_DSC0235.JPG,27
61_DSC0236.JPG,61
18_DSC0238.JPG,18
36_DSC0238.JPG,36
72_DSC0238.JPG,72
21_DSC0239.JPG,21
10_DSC0240.JPG,10
3_DSC0243.JPG,3
86_DSC0243.JPG,86
1_DSC0244.JPG,1
21_DSC0244.JPG,21
20_DSC0245.JPG,20
21_DSC0245.JPG,21
9_DSC0246.JPG,9
8_DSC0247.JPG,8
14_DSC0250.JPG,14
11_DSC0255.JPG,11
16_DSC0256.JPG,16
38_DSC0256.JPG,38
33_DSC0259.JPG,33
1_DSC0260.JPG,1
15_DSC0261.JPG,15
57_DSC0262.JPG,57
15_DSC0263.JPG,15
15_DSC0264.JPG,15
30_DSC0265.JPG,30
4_DSC0265.JPG,4
79_DSC0265.JPG,79
20_DSC0270.JPG,20
0_DSC0271.JPG,0
3_DSC0272.JPG,3
45_DSC0272.JPG,45
28_DSC0275.JPG,28
62_DSC0275.JPG,62
4_DSC0277.JPG,4
50_DSC0278.JPG,50
58_DSC0278.JPG,58
79_DSC0280.JPG,79
10_DSC0282.JPG,10
12_DSC0284.JPG,12
30_DSC0286.JPG,30
39_DSC0286.JPG,39
4_DSC0288.JPG,4
24_DSC0289.JPG,24
46_DSC0289.JPG,46
15_DSC0291.JPG,15
26_DSC0292.JPG,26
30_DSC0292.JPG,30
48_DSC0293.JPG,48
7_DSC0295.JPG,7
15_DSC0297.JPG,15
22_DSC0297.JPG,22
2_DSC0298.JPG,2
8_DSC0299.JPG,8
11_DSC0301.JPG,11
6_DSC0302.JPG,6
1_DSC0303.JPG,1
31_DSC0303.JPG,31
20_DSC0304.JPG,20
24_DSC0305.JPG,24
1_DSC0307.JPG,1
19_DSC0308.JPG,19
36_DSC0308.JPG,36
2_DSC0309.JPG,2
26_DSC0310.JPG,26
32_DSC0311.JPG,32
52_DSC0311.JPG,52
54_DSC0312.JPG,54
40_DSC0317.JPG,40
27_DSC0319.JPG,27
2_DSC0320.JPG,2
88_DSC0320.JPG,88
11_DSC0322.JPG,11
48_DSC0322.JPG,48
37_DSC0323.JPG,37
11_DSC0324.JPG,11
17_DSC0326.JPG,17
12_DSC0329.JPG,12
38_DSC0329.JPG,38
1_DSC0330.JPG,1
0_DSC0331.JPG,0
3_DSC0332.JPG,3
1_DSC0333.JPG,1
1_DSC0334.JPG,1
60_DSC0335.JPG,60
15_DSC0336.JPG,15
38_DSC0338.JPG,38
8_DSC0339.JPG,8
22_DSC0341.JPG,22
2_DSC0344.JPG,2
0_DSC0345.JPG,0
95_DSC0346.JPG,95
16_DSC0347.JPG,16
17_DSC0350.JPG,17
28_DSC0353.JPG,28
28_DSC0355.JPG,28
87_DSC0355.JPG,87
30_DSC0357.JPG,30
9_DSC0359.JPG,9
10_DSC0361.JPG,10
1_DSC0361.JPG,1
3_DSC0361.JPG,3
10_DSC0362.JPG,10
33_DSC0364.JPG,33
1_DSC0365.JPG,1
53_DSC0365.JPG,53
24_DSC0367.JPG,24
30_DSC0367.JPG,30
24_DSC0368.JPG,24
4_DSC0369.JPG,4
20_DSC0370.JPG,20
5_DSC0370.JPG,5
14_DSC0371.JPG,14
17_DSC0371.JPG,17
1_DSC0372.JPG,1
13_DSC0373.JPG,13
19_DSC0374.JPG,19
43_DSC0374.JPG,43
23_DSC0375.JPG,23
4_DSC0377.JPG,4
48_DSC0379.JPG,48
1_DSC0381.JPG,1
22_DSC0381.JPG,22
85_DSC0381.JPG,85
13_DSC0382.JPG,13
68_DSC0382.JPG,68
10_DSC0384.JPG,10
15_DSC0385.JPG,15
9_DSC0385.JPG,9
0_DSC0386.JPG,0
4_DSC0386.JPG,4
26_DSC0387.JPG,26
4_DSC0387.JPG,4
8_DSC0388.JPG,8
13_DSC0389.JPG,13
4_DSC0389.JPG,4
2_DSC0390.JPG,2
46_DSC0390.JPG,46
60_DSC0390.JPG,60
1_DSC0391.JPG,1
15_DSC0392.JPG,15
2_DSC0392.JPG,2
4_DSC0392.JPG,4
2_DSC0393.JPG,2
24_DSC0394.JPG,24
6_DSC0394.JPG,6
9_DSC0394.JPG,9
12_DSC0396.JPG,12
22_DSC0396.JPG,22
4_DSC0397.JPG,4
9_DSC0397.JPG,9
12_DSC0398.JPG,12
15_DSC0398.JPG,15
40_DSC0398.JPG,40
4_DSC0399.JPG,4
5_DSC0401.JPG,5
10_DSC0402.JPG,10
12_DSC0404.JPG,12
50_DSC0404.JPG,50
68_DSC0406.JPG,68
7_DSC0407.JPG,7
9_DSC0407.JPG,9
10_DSC0409.JPG,10
26_DSC0409.JPG,26
4_DSC0410.JPG,4
0_DSC0411.JPG,0
15_DSC0411.JPG,15
1_DSC0411.JPG,1
25_DSC0412.JPG,25
9_DSC0412.JPG,9
18_DSC0414.JPG,18
70_DSC0414.JPG,70
5_DSC0415.JPG,5
0_DSC0416.JPG,0
18_DSC0416.JPG,18
24_DSC0417.JPG,24
8_DSC0417.JPG,8
19_DSC0418.JPG,19
26_DSC0418.JPG,26
22_DSC0419.JPG,22
29_DSC0419.JPG,29
15_DSC0421.JPG,15
8_DSC0421.JPG,8
35_DSC0422.JPG,35
9_DSC0422.JPG,9
2_DSC0423.JPG,2
6_DSC0424.JPG,6
10_DSC0425.JPG,10
12_DSC0425.JPG,12
5_DSC0425.JPG,5
17_DSC0426.JPG,17
31_DSC0428.JPG,31
35_DSC0428.JPG,35
7_DSC0430.JPG,7
14_DSC0431.JPG,14
44_DSC0432.JPG,44
9_DSC0432.JPG,9
51_DSC0434.JPG,51
7_DSC0434.JPG,7
2_DSC0435.JPG,2
1_DSC0436.JPG,1
12_DSC0438.JPG,12
45_DSC0438.JPG,45
29_DSC0439.JPG,29
59_DSC0440.JPG,59
28_DSC0441.JPG,28
5_DSC0443.JPG,5
6_DSC0445.JPG,6
7_DSC0445.JPG,7
14_DSC0446.JPG,14
64_DSC0447.JPG,64
42_DSC0448.JPG,42
5_DSC0449.JPG,5
26_DSC0450.JPG,26
7_DSC0451.JPG,7
16_DSC0453.JPG,16
41_DSC0453.JPG,41
13_DSC0454.JPG,13
5_DSC0454.JPG,5
8_DSC0455.JPG,8
30_DSC0456.JPG,30
3_DSC0457.JPG,3
13_DSC0458.JPG,13
20_DSC0458.JPG,20
11_DSC0459.JPG,11
13_DSC0459.JPG,13
22_DSC0460.JPG,22
20_DSC0462.JPG,20
59_DSC0462.JPG,59
12_DSC0465.JPG,12
6_DSC0465.JPG,6
74_DSC0465.JPG,74
8_DSC0468.JPG,8
30_DSC0469.JPG,30
6_DSC0470.JPG,6
16_DSC0472.JPG,16
90_DSC0472.JPG,90
1_DSC0473.JPG,1
8_DSC0474.JPG,8
3_DSC0475.JPG,3
70_DSC0476.JPG,70
27_DSC0477.JPG,27
2_DSC0477.JPG,2
12_DSC0479.JPG,12
27_DSC0480.JPG,27
23_DSC0481.JPG,23
7_DSC0481.JPG,7
46_DSC0482.JPG,46
68_DSC0483.JPG,68
37_DSC0485.JPG,37
45_DSC0488.JPG,45
42_DSC0489.JPG,42
23_DSC0492.JPG,23
25_DSC0492.JPG,25
42_DSC0492.JPG,42
48_DSC0496.JPG,48
33_DSC0498.JPG,33
39_DSC0499.JPG,39
23_DSC0501.JPG,23
48_DSC0501.JPG,48
2_DSC0508.JPG,2
20_DSC0509.JPG,20
42_DSC0511.JPG,42
16_DSC0512.JPG,16
35_DSC0513.JPG,35
48_DSC0514.JPG,48
33_DSC0515.JPG,33
20_DSC0517.JPG,20
21_DSC0517.JPG,21
32_DSC0517.JPG,32
53_DSC0517.JPG,53
3_DSC0518.JPG,3
2_DSC0520.JPG,2
24_DSC0522.JPG,24
29_DSC0524.JPG,29
40_DSC0525.JPG,40
5_DSC0525.JPG,5
5_DSC0526.JPG,5
16_DSC0527.JPG,16
37_DSC0527.JPG,37
13_DSC0528.JPG,13
9_DSC0529.JPG,9
57_DSC0530.JPG,57
5_DSC0530.JPG,5
12_DSC0531.JPG,12
14_DSC0531.JPG,14
21_DSC0531.JPG,21
6_DSC0532.JPG,6
22_DSC0534.JPG,22
5_DSC0535.JPG,5
8_DSC0535.JPG,8
0_DSC0537.JPG,0
97_DSC0537.JPG,97
27_DSC0538.JPG,27
45_DSC0538.JPG,45
35_DSC0540.JPG,35
0_DSC0543.JPG,0
31_DSC0544.JPG,31
9_DSC0544.JPG,9
11_DSC0546.JPG,11
14_DSC0546.JPG,14
36_DSC0548.JPG,36
24_DSC0549.JPG,24
87_DSC0550.JPG,87
11_DSC0551.JPG,11
8_DSC0551.JPG,8
46_DSC0552.JPG,46
38_DSC0554.JPG,38
50_DSC0554.JPG,50
61_DSC0555.JPG,61
1_DSC0560.JPG,1
12_DSC0561.JPG,12
65_DSC0561.JPG,65
37_DSC0562.JPG,37
11_DSC0564.JPG,11
82_DSC0564.JPG,82
11_DSC0568.JPG,11
31_DSC0568.JPG,31
92_DSC0568.JPG,92
6_DSC0569.JPG,6
4_DSC0571.JPG,4
16_DSC0572.JPG,16
22_DSC0572.JPG,22
42_DSC0574.JPG,42
4_DSC0574.JPG,4
10_DSC0575.JPG,10
46_DSC0576.JPG,46
10_DSC0577.JPG,10
31_DSC0578.JPG,31
73_DSC0578.JPG,73
9_DSC0579.JPG,9
69_DSC0580.JPG,69
12_DSC0581.JPG,12
34_DSC0582.JPG,34
13_DSC0584.JPG,13
5_DSC0585.JPG,5
21_DSC0587.JPG,21
5_DSC0587.JPG,5
73_DSC0592.JPG,73
67_DSC0601.JPG,67
2_DSC0602.JPG,2
1_DSC0604.JPG,1
7_DSC0604.JPG,7
0_DSC0605.JPG,0
9_DSC0607.JPG,9
28_DSC0616.JPG,28
35_DSC0619.JPG,35
1_DSC0620.JPG,1
9_DSC0621.JPG,9
27_DSC0623.JPG,27
18_DSC0624.JPG,18
26_DSC0625.JPG,26
23_DSC0628.JPG,23
29_DSC0628.JPG,29
0_DSC0630.JPG,0
1_DSC0631.JPG,1
21_DSC0631.JPG,21
9_DSC0632.JPG,9
10_DSC0634.JPG,10
2_DSC0637.JPG,2
11_DSC0638.JPG,11
20_DSC0641.JPG,20
5_DSC0641.JPG,5
2_DSC0643.JPG,2
62_DSC0644.JPG,62
12_DSC0645.JPG,12
17_DSC0646.JPG,17
16_DSC0647.JPG,16
19_DSC0649.JPG,19
2_DSC0651.JPG,2
51_DSC0651.JPG,51
50_DSC0654.JPG,50
12_DSC0658.JPG,12
3_DSC0662.JPG,3
2_DSC0664.JPG,2
4_DSC0665.JPG,4
14_DSC0669.JPG,14
54_DSC0669.JPG,54
1_DSC0670.JPG,1
20_DSC0671.JPG,20
27_DSC0672.JPG,27
40_DSC0673.JPG,40
67_DSC0674.JPG,67
16_DSC0675.JPG,16
27_DSC0676.JPG,27
22_DSC0678.JPG,22
14_DSC0680.JPG,14
40_DSC0680.JPG,40
1_DSC0683.JPG,1
1_DSC0685.JPG,1
31_DSC0685.JPG,31
1_DSC0687.JPG,1
9_DSC0688.JPG,9
31_DSC0689.JPG,31
32_DSC0689.JPG,32
8_DSC0692.JPG,8
4_DSC0694.JPG,4
70_DSC0694.JPG,70
6_DSC0695.JPG,6
12_DSC0696.JPG,12
18_DSC0698.JPG,18
43_DSC0698.JPG,43
50_DSC0700.JPG,50
6_DSC0701.JPG,6
13_DSC0704.JPG,13
15_DSC0705.JPG,15
61_DSC0706.JPG,61
32_DSC0707.JPG,32
41_DSC0712.JPG,41
22_DSC0714.JPG,22
4_DSC0714.JPG,4
8_DSC0716.JPG,8
22_DSC0718.JPG,22
4_DSC0725.JPG,4
6_DSC0726.JPG,6
7_DSC0726.JPG,7
73_DSC0729.JPG,73
41_DSC0730.JPG,41
17_DSC0731.JPG,17
12_DSC0732.JPG,12
15_DSC0733.JPG,15
8_DSC0733.JPG,8
4_DSC0735.JPG,4
37_DSC0739.JPG,37
5_DSC0740.JPG,5
88_DSC0742.JPG,88
4_DSC0747.JPG,4
39_DSC0750.JPG,39
80_DSC0759.JPG,80
56_DSC0767.JPG,56
60_DSC0769.JPG,60
10_DSC0774.JPG,10
17_DSC0776.JPG,17
2_DSC0782.JPG,2
2_DSC0785.JPG,2
34_DSC0787.JPG,34
6_DSC0792.JPG,6
12_DSC0798.JPG,12
34_DSC0802.JPG,34
29_DSC0809.JPG,29
33_DSC0811.JPG,33
24_DSC0828.JPG,24
35_DSC0832.JPG,35
44_DSC0834.JPG,44
13_DSC0836.JPG,13
36_DSC0839.JPG,36
23_DSC0842.JPG,23
8_DSC0847.JPG,8
27_DSC0850.JPG,27
21_DSC0858.JPG,21
49_DSC0862.JPG,49
40_DSC0865.JPG,40
2_DSC0867.JPG,2
13_DSC0875.JPG,13
30_DSC0879.JPG,30
33_DSC0881.JPG,33
1_DSC0883.JPG,1
16_DSC0885.JPG,16
18_DSC0888.JPG,18
3_DSC0890.JPG,3
13_DSC0897.JPG,13
20_DSC0899.JPG,20
5_DSC0902.JPG,5
15_DSC0912.JPG,15
11_DSC0924.JPG,11
1_DSC0928.JPG,1
1_DSC0956.JPG,1
10_DSC0963.JPG,10
22_DSC0986.JPG,22
55_DSC0990.JPG,55
77_DSC0992.JPG,77
25_DSC0997.JPG,25
4_DSX0103.JPG,4
28_DSX0177.JPG,28
19_DSX0308.JPG,19
4_DSX0399.JPG,4
29_DSX0419.JPG,29
1_DSX0560.JPG,1
10_DSC_0149.JPG,1
81_DSC_0216.JPG,64
83_DSC_0218.JPG,128
107_DSC_0003.JPG,88
120_DSC_0072.JPG,80
153_DSC_0071.JPG,5
168_DSC_0107.JPG,58
637_DSC_0049.JPG,183
647_DSC_0185.JPG,121
660_DSC_0032.JPG,80
667_DSC_0080.JPG,83
673_DSC_0137.JPG,135
743_DSC_0157.JPG,70
1193_DSC_0075.JPG,15
1215_DSC_0157.JPG,8
1229_DSC_0197.JPG,196
1243_DSC_0272.JPG,4
1276_DSC_0148.JPG,74
1588_DSC_0127.JPG,86
2007_DSC_0055.JPG,1
2129_DSC_0039.JPG,1
2146_DSC_0020.JPG,158
2270_DSC_0008.JPG,8
2337_DSC_0192.JPG,3
2373_DSC_0182.JPG,1
2423_DSC_0103.JPG,108
2428_DSC_0165.JPG,85
2436_DSC_0064.JPG,2
2718_DSC_0033.JPG,70
2967_DSC_0270.JPG,77
2980_DSC_0340.JPG,1
3394_AM8_0221.JPG,1
3590__DSC1613.JPG,70
3592__DSC1645.JPG,80
3613__DSC1989.JPG,137
3662__DSC2234.JPG,251
3796__DSC3137.JPG,138
4207__DSC5662.JPG,0
4452__DSC0793.JPG,109
4456__DSC0797.JPG,72
4517__DSC0086.JPG,168
4649__DSC0241.JPG,121
4741__DSC0233.JPG,105
4793__DSC0413.JPG,178
5561__DSC0444.JPG,10
5732__DSC0017.JPG,101
5738__DSC0085.JPG,84
5786__DSC0076.JPG,72
5787__DSC0100.JPG,170
5903__DSC0545.JPG,77
6489__DSC0158_1145.JPG,2
6809__DSC0291.JPG,7
6831__DSC0029.JPG,9
6883__DSC0057.JPG,4
6887__DSC0148.JPG,3
7006__DSC0005.JPG,145
7216__DSC0031.JPG,57
7305__DSC0623.JPG,3
7595__DSC1228.JPG,83
7753__DSC4205.JPG,143
7924_DSC_0235.JPG,30
7948_DSC_0543.JPG,96
7953_DSC_0604.JPG,209
7954_DSC_0611.JPG,238
7955_DSC_0620.JPG,124
7956_DSC_0624.JPG,70
8013_DSC_1122.JPG,126
8419_DSC_4108.JPG,59
8582_DSC_5188.JPG,70
8997_DSC_0226.JPG,72
9156_DSC_2161.JPG,87
9160_DSC_2225.JPG,246
9161_DSC_2227.JPG,280
9204_DSC_2562.JPG,180
9957_DSC_8822.JPG,229
10005_DSC_9229.JPG,146
10207_DSC_1060.JPG,3
10223_DSC_1383.JPG,87
10274_DSC_1865.JPG,129
10306_DSC_2210.JPG,78
10335_DSC_2720.JPG,19
11649_DSC_0571.JPG,54
12414_DSC_0146.JPG,331
12430_DSC_0224.JPG,47
12444_DSC_0390.JPG,54
12984_DSC_0521.JPG,96
13206_DSC_0177.JPG,1
13235_DSC_0442.JPG,3
13413_DSC_0927.JPG,2
13416_DSC_0938.JPG,3
14117_DSC_0840.JPG,1
14133_DSC_0170.JPG,246
14140_DSC_0271.JPG,122
14153_DSC_0395.JPG,115
14156_DSC_0412.JPG,98
14184_DSC_0187.JPG,83
14198_DSC_0359.JPG,66
14204_DSC_0386.JPG,135
14230_DSC_0329.JPG,294
14255_DSC_0615.JPG,99
